product_id,sku,name,description,category,price
1,SKU-00001,Language X,Method imagine seven fire letter mind many guess explain reveal.,Shoes,143.83
2,SKU-00002,Beautiful Plus,Management his lead save reach subject difficult imagine world into task thus.,Sports,491.89
3,SKU-00003,Suffer Max,Voice happen actually purpose public how mission put budget house reason within scientist throughout.,Beauty,421.99
4,SKU-00004,Concern Max,Hair current customer such identify do interesting material.,Beauty,197.84
5,SKU-00005,Southern Pro,Order series song wall green project wear would memory challenge lawyer business majority discuss wall ahead.,Electronics,432.97
6,SKU-00006,Sing Plus,Store marriage ago condition painting force few.,Electronics,356.37
7,SKU-00007,Price Lite,Set produce mind man letter family marriage measure.,Apparel,47.96
8,SKU-00008,Occur Plus,Special music adult shake wrong they budget late table kind along computer.,Electronics,228.69
9,SKU-00009,Receive X,Those clearly issue fine home shake notice make network much like.,Apparel,264.92
10,SKU-00010,Or Pro,Media hot manager wife pay good within fly agreement.,Shoes,190.24
11,SKU-00011,Answer X,Student give score agree through game best generation group.,Home,457.11
12,SKU-00012,Have Max,Product easy possible or travel assume figure front.,Home,17.34
13,SKU-00013,Again Max,For leave tell nothing top entire receive onto worry help hope occur space beyond push.,Electronics,81.27
14,SKU-00014,Great Lite,Me share fund pass guy job market suggest skin subject movie explain answer you.,Beauty,367.56
15,SKU-00015,Interest Plus,Person when response official option event note most interview girl.,Apparel,388.89
16,SKU-00016,Ball Pro,Measure feel professional finish increase economy middle public natural thing physical.,Beauty,411.96
17,SKU-00017,Name X,Officer defense while score level view mouth pass shoulder.,Shoes,106.57
18,SKU-00018,Leader Lite,Risk art customer leg drive second she such improve team treat plant suffer environment expert.,Beauty,196.86
19,SKU-00019,College Pro,Rather door draw change agree someone financial magazine yard instead town.,Shoes,7.03
20,SKU-00020,Defense Max,Evening ahead smile everyone nearly popular amount reveal site.,Electronics,436.58
21,SKU-00021,Around Lite,Finish fear as western to public though however.,Shoes,445.15
22,SKU-00022,Those Max,Door number matter building professional oil simple moment market.,Sports,384.26
23,SKU-00023,Believe Plus,Outside significant finish strategy say south season very design blood.,Electronics,16.13
24,SKU-00024,Difficult X,Keep effect operation make hear we first interest radio white these.,Apparel,163.84
25,SKU-00025,Write Plus,Guy resource start again whom paper success production wait.,Electronics,141.94
26,SKU-00026,Rock Lite,Education his police red total rate movement door kind account.,Electronics,337.21
27,SKU-00027,Increase X,Feeling view series father teacher civil keep first speech popular smile.,Shoes,82.96
28,SKU-00028,Eye Pro,Statement wait likely include subject response theory star.,Beauty,479.36
29,SKU-00029,Thank Max,Recognize media goal own spend scene law agree appear.,Beauty,55.68
30,SKU-00030,Put Plus,Picture social carry husband pick finish bank citizen might.,Electronics,276.94
31,SKU-00031,Special X,Suggest rate society floor long same end reach step.,Electronics,471.92
32,SKU-00032,Successful Max,Cup increase consider then war this difference way type positive phone.,Shoes,126.19
33,SKU-00033,What Plus,Wind cup red collection husband investment employee become.,Electronics,308.57
34,SKU-00034,Hold Max,Water bring responsibility itself turn law purpose budget require.,Apparel,224.61
35,SKU-00035,Cut Pro,Explain management candidate task outside yet executive quality industry impact certainly.,Sports,238.01
36,SKU-00036,Fill Pro,Dog late eat old positive beat light the window huge defense.,Shoes,57.43
37,SKU-00037,Identify Pro,Save eight believe arrive four dog traditional you vote whose our security animal.,Apparel,216.1
38,SKU-00038,Environment Max,People few house he whose nice oil employee mean us there car fish most.,Sports,446.18
39,SKU-00039,Change Lite,Bring analysis campaign the strong security unit executive theory party seven.,Electronics,310.08
40,SKU-00040,Everything Plus,Fine throughout firm yes shake character table price sometimes apply chance discover along employee relationship.,Sports,409.63
41,SKU-00041,Least Max,Yet until American ground remember magazine manage suffer.,Home,43.88
42,SKU-00042,Trial Max,Buy behavior test Congress collection meet evening through one.,Sports,70.24
43,SKU-00043,Past Lite,Moment number indicate baby should quality thought.,Electronics,53.15
44,SKU-00044,Agree Lite,Race quite hour opportunity week student child ball store process law.,Apparel,237.92
45,SKU-00045,Exist X,Price forget analysis performance laugh water yourself trade someone can tell soon executive sometimes season natural.,Beauty,431.24
46,SKU-00046,Play Plus,Begin effort drive side human after decade home I positive west child.,Home,456.87
47,SKU-00047,Fire X,Song save TV tough page grow benefit happen customer knowledge hold environmental outside bed.,Sports,351.31
48,SKU-00048,Knowledge Plus,Pass its international American game less difference rather choice manager picture modern.,Electronics,395.45
49,SKU-00049,Fill Lite,Join trade local chance campaign total success mission far answer baby and blue interesting.,Shoes,246.32
50,SKU-00050,Between Lite,Produce nothing effect effort bank me box product conference consider hotel bar theory fear.,Home,60.88
51,SKU-00051,People Lite,Serious last space game truth special decision back word else pull its adult house.,Electronics,423.65
52,SKU-00052,Add Plus,Pretty least if price season rise field spend pattern.,Apparel,304.2
53,SKU-00053,Rock Max,Source because career course staff receive could agree loss certain drop success teach.,Sports,55.95
54,SKU-00054,Nothing Pro,Beat show challenge instead bring total school knowledge machine after.,Sports,166.31
55,SKU-00055,Listen Pro,Drug far stop hot free bill summer it indeed many official room yourself already hundred message.,Beauty,397.25
56,SKU-00056,Share Lite,Very toward test discussion art affect office network environmental possible threat bring performance position large job.,Home,203.4
57,SKU-00057,Color X,Risk light just medical onto rate two table resource life third.,Beauty,312.33
58,SKU-00058,Several X,Where strategy pull same somebody son suddenly perform executive see project can current.,Home,487.08
59,SKU-00059,Police Pro,Beyond indeed year field decide another adult thing ground city still thus allow as.,Sports,173.65
60,SKU-00060,Law Max,Pay building difference election future great another there.,Home,218.42
61,SKU-00061,Example Max,Table them page bit anyone watch sometimes while sense.,Beauty,394.73
62,SKU-00062,Born X,Participant teach big none medical cold brother day gun rock remain seven marriage that child hair.,Sports,90.68
63,SKU-00063,Tell Pro,But dark wide shoulder according strong list expert commercial.,Sports,370.99
64,SKU-00064,Exactly Max,Resource increase picture early send morning skin case investment truth together weight.,Shoes,419.19
65,SKU-00065,Name Max,Want kind show response military attorney full I sign its hotel also.,Electronics,300.06
66,SKU-00066,Win Max,Total around place require produce mind fast I race.,Home,53.34
67,SKU-00067,On X,Return finish general still too particular chair identify popular thought person.,Home,157.48
68,SKU-00068,Present Pro,Recently thought sit identify culture feeling already free rise science call yeah exist.,Sports,301.14
69,SKU-00069,Better Max,Necessary miss serious civil agreement someone or drop similar risk would book art health phone.,Home,386.81
70,SKU-00070,Health Plus,Answer prepare by fear say law work south writer.,Sports,249.68
71,SKU-00071,Others Pro,Program suddenly doctor federal project spring of cause help scene black might court sing lawyer chair.,Apparel,49.81
72,SKU-00072,Large Max,Bank artist thousand live land hard moment open million house enough material interest.,Sports,452.11
73,SKU-00073,Less Pro,Rule indicate clear media machine leader whose message more reason lay allow church next.,Sports,379.75
74,SKU-00074,Will X,Own impact building occur American check he yard field.,Electronics,229.22
75,SKU-00075,Mention Lite,Social central operation any thus threat democratic.,Home,309.71
76,SKU-00076,Tell X,Able natural attack and loss finally laugh full help strong street car catch PM.,Electronics,106.8
77,SKU-00077,Sort Plus,Project chance road become person perhaps hold too fund animal provide kitchen everyone because.,Sports,287.29
78,SKU-00078,Company Plus,Occur someone religious night buy nice court.,Home,459.66
79,SKU-00079,Present Plus,Officer apply now country live to build view conference affect skill early relationship thought know.,Beauty,495.19
80,SKU-00080,Surface Pro,Parent I and technology age join increase teacher fish either boy between collection century eight.,Beauty,307.69
81,SKU-00081,Behind Lite,Fill imagine college pass foot agree around hope floor.,Electronics,424.58
82,SKU-00082,Itself Pro,Election walk tonight appear dream others door meet mean we especially five.,Beauty,187.77
83,SKU-00083,On Pro,Assume ahead plant trial affect never only big several prepare by nothing land.,Beauty,5.42
84,SKU-00084,Throughout Plus,Data whose health world site Mr interest treatment later a let stop eye will.,Electronics,59.3
85,SKU-00085,A Pro,Value lot our style herself goal place one.,Sports,121.44
86,SKU-00086,Mrs Max,Animal school none feel house but cause news evidence it particular.,Electronics,200.16
87,SKU-00087,Suffer Lite,This war play woman remain event production focus decision where foreign trial.,Home,205.99
88,SKU-00088,Cell Max,Participant above act community new recent major.,Apparel,109.55
89,SKU-00089,Increase Lite,Ball theory prepare much throughout staff knowledge but will heavy over hit stuff speech worker.,Beauty,73.84
90,SKU-00090,Capital Lite,Have cover act sea serve quite remember course staff personal space determine woman whose.,Electronics,422.45
91,SKU-00091,Although Lite,Manage region paper according worker point book everyone matter color create.,Sports,81.36
92,SKU-00092,Single X,Public owner compare open second camera value talk thing rock ever summer age wide question.,Shoes,71.47
93,SKU-00093,Possible Pro,Quite third ability interview pull practice take follow such imagine business.,Home,76.28
94,SKU-00094,National Lite,Many military analysis return another truth mother first hot free they space wrong difficult.,Apparel,487.61
95,SKU-00095,Road Pro,When true culture forget as personal agreement it agency something various subject east.,Home,72.92
96,SKU-00096,Material Lite,When strategy start mind door authority outside just believe land.,Sports,447.32
97,SKU-00097,Capital Max,Window true help three really site artist sort.,Beauty,465.5
98,SKU-00098,Around X,Particularly it big argue appear sure I pay in ten skin.,Home,229.93
99,SKU-00099,Price Max,Law less into per big prepare put.,Home,410.94
100,SKU-00100,Agree Plus,Military onto blue activity require or subject toward call meeting green loss per control.,Home,116.74
101,SKU-00101,Certain Max,Art find job where senior find those.,Home,8.68
102,SKU-00102,Stand X,Challenge final garden hard account only question arm medical.,Electronics,357.5
103,SKU-00103,Thing Lite,Teach instead crime customer training size game property reason word outside former official white pattern.,Beauty,463.65
104,SKU-00104,Kid Plus,Class lawyer smile among detail about development discover perhaps dream same weight.,Shoes,21.56
105,SKU-00105,Glass Max,Day contain wrong guy available air boy fact create one she analysis.,Electronics,244.22
106,SKU-00106,All Pro,Cup company those responsibility fund never condition again successful treat.,Sports,292.23
107,SKU-00107,Against Pro,Her skin book very figure drive special produce wait.,Sports,75.33
108,SKU-00108,Successful Max,Think there assume certain under some court her hear outside with each animal pattern country movement.,Electronics,491.87
109,SKU-00109,Strategy Lite,Foreign apply somebody their surface why though decide bank.,Beauty,260.89
110,SKU-00110,Many Max,Ask meet seem population meeting material less focus hear reason resource manager environmental husband TV once.,Home,48.78
111,SKU-00111,Although Pro,Detail data tell how fill thousand number very hear nearly.,Beauty,343.62
112,SKU-00112,Center Max,Far million discover American mention from later it.,Shoes,159.69
113,SKU-00113,Hold Plus,First him conference doctor population grow bar successful mention poor skill unit better author.,Shoes,269.84
114,SKU-00114,American Lite,Customer cultural forget few spring raise ever relationship your your sell science treatment across federal.,Home,229.75
115,SKU-00115,Test Max,Situation identify if oil pretty line mention seven chance however dinner see.,Home,368.24
116,SKU-00116,Matter Plus,Middle skill serious reveal left social fine could show recently.,Electronics,480.49
117,SKU-00117,Determine Plus,Last next hear officer campaign wall act special strong fund industry rate idea.,Sports,87.92
118,SKU-00118,Start Max,Federal only nothing allow cause with yes nothing sometimes trial off hospital high we as.,Sports,375.97
119,SKU-00119,Imagine Max,Little forget while police fight commercial push concern step owner.,Sports,133.92
120,SKU-00120,Agreement Lite,Current treat history day fact modern lawyer happy action.,Beauty,291.18
121,SKU-00121,General Pro,Hospital writer can industry sea home tough deal that finally stand professor city.,Electronics,329.88
122,SKU-00122,Paper Max,Onto maybe range every account central ask human space moment travel.,Home,18.51
123,SKU-00123,Until Pro,Least office say explain thing lead red Republican father party special compare eat tonight.,Shoes,67.78
124,SKU-00124,Significant Plus,Leader treat contain notice hour watch dream that event physical factor trouble recently.,Beauty,129.77
125,SKU-00125,Seven Plus,Training in seven building hard sense mean single improve close.,Electronics,141.23
126,SKU-00126,Despite Pro,And ago police put left gas human create also economy remember carry prove less.,Beauty,372.01
127,SKU-00127,Main X,Bar prevent require just likely evidence claim stuff.,Sports,455.52
128,SKU-00128,Policy X,Concern buy scientist collection provide action event key.,Electronics,331.28
129,SKU-00129,Could X,Research throughout mother kind answer play mission production process bill.,Sports,134.32
130,SKU-00130,Road X,Know our any help cut economic training customer administration agreement address.,Beauty,245.03
131,SKU-00131,Tend Pro,Quite as when benefit structure professional right analysis mention spring.,Shoes,174.71
132,SKU-00132,Future X,Phone person various house into discussion black follow address pressure activity defense detail price everything.,Apparel,299.79
133,SKU-00133,Price Lite,Analysis those in should matter wrong Republican social two notice edge behind.,Home,377.62
134,SKU-00134,Garden Lite,Recent question win really forward play this fish surface lot friend part one him political discussion.,Home,122.78
135,SKU-00135,People X,Discussion pattern to final scene serious people.,Sports,109.37
136,SKU-00136,As Plus,Hear father charge daughter also type our watch school.,Electronics,31.89
137,SKU-00137,Get Pro,Everything poor set minute within possible eye agency suggest.,Home,31.0
138,SKU-00138,Glass Lite,Drug much trade professor eat reach rest part high focus kind accept.,Home,240.73
139,SKU-00139,True Max,Attorney court plant center daughter begin or story use door back right find return.,Sports,120.66
140,SKU-00140,Election Lite,Computer eat experience large player even sit bag win huge cold kid measure.,Apparel,239.92
141,SKU-00141,Simple Max,Set standard soldier after high take serve TV organization check risk either less.,Shoes,435.79
142,SKU-00142,Long Plus,Heart paper author carry light choice couple actually may rise man.,Home,463.98
143,SKU-00143,Wish Lite,Wait wife health majority political open impact although TV his not create job.,Beauty,340.85
144,SKU-00144,Especially Pro,Meeting major read recent prepare unit save drug alone spend piece put.,Beauty,53.2
145,SKU-00145,Save Plus,End lay race effect own weight success activity side.,Home,478.31
146,SKU-00146,Quickly Max,Huge only too million country institution stop education few whose probably him final.,Electronics,459.43
147,SKU-00147,Its Plus,Body of something sport especially decide security recognize.,Shoes,138.81
148,SKU-00148,According Plus,Staff ability attorney recent modern pressure run color hear.,Home,328.9
149,SKU-00149,Score Lite,Cup consider way late sport control arrive consumer service.,Sports,387.71
150,SKU-00150,Event X,Key tree body player bag beat by ask ahead doctor magazine set act.,Beauty,368.49
151,SKU-00151,Exactly X,Program smile among decision social heart mind.,Sports,262.38
152,SKU-00152,Sort X,Usually list front investment he three yourself stage wait professor her.,Shoes,160.07
153,SKU-00153,Art Pro,Their south able that I structure understand agent but most week seem.,Shoes,416.69
154,SKU-00154,Energy Lite,Later rather thank method produce about point walk focus plant them wide.,Shoes,53.36
155,SKU-00155,Simply Lite,Question do machine school soldier give voice walk live probably record beyond.,Sports,179.0
156,SKU-00156,Image Plus,Parent Republican thank then size respond all marriage beautiful strategy you.,Shoes,129.69
157,SKU-00157,Two Pro,Collection land break production drive deep send process become itself respond civil upon total.,Shoes,311.6
158,SKU-00158,Space Max,Detail election live today but career movement rise bed reality the.,Apparel,330.02
159,SKU-00159,Work Max,Short over popular help response save high politics no task speak difference break because become.,Sports,320.85
160,SKU-00160,Sit Pro,Visit seat break happy table west officer ability artist movie suggest woman floor half quickly someone.,Beauty,47.76
161,SKU-00161,Nature X,Opportunity blood across system firm staff father despite quite challenge exist section support still alone floor.,Sports,191.1
162,SKU-00162,Morning Max,Event summer off piece democratic factor whom arrive special.,Apparel,402.58
163,SKU-00163,Claim Pro,Summer various different save type simply task road federal spring.,Electronics,349.35
164,SKU-00164,While Plus,Yard nature front question wrong serious hospital month executive.,Shoes,236.14
165,SKU-00165,Same Lite,Red nature best food social tend approach various fight pressure.,Electronics,461.73
166,SKU-00166,Participant Lite,Kind lot today decide source crime prepare gun task.,Sports,347.65
167,SKU-00167,Blue Plus,Heavy work quickly collection argue green listen war bring.,Shoes,132.38
168,SKU-00168,Myself Plus,Order wide phone identify alone drive major read west present heart reality.,Home,389.67
169,SKU-00169,Stuff Lite,Sing ten practice every president happen build bar.,Shoes,169.66
170,SKU-00170,Middle Plus,Different only would look really behind or himself yourself reflect fear by foot research television.,Electronics,478.02
171,SKU-00171,Note X,If red hour stage situation morning ask student much.,Home,223.08
172,SKU-00172,Tell X,Send debate probably bring television receive accept language fire.,Apparel,307.1
173,SKU-00173,Among Lite,Offer present because either send be by fear whom.,Beauty,58.67
174,SKU-00174,Congress Lite,With probably eat animal watch toward fall move cause make fine treat you.,Sports,113.1
175,SKU-00175,Police Pro,Member reach production and already center task Democrat care need option everyone rock instead near.,Sports,456.74
176,SKU-00176,Ever Plus,Power clear lay war put vote century data picture especially plan population.,Shoes,56.13
177,SKU-00177,Send Pro,Nor positive memory clearly start first skin her who easy establish mother.,Electronics,287.82
178,SKU-00178,Return Lite,Image forget become training sing chair something event better woman develop weight situation but money.,Home,14.29
179,SKU-00179,Type X,Open southern believe give occur example even between answer fish sell.,Shoes,328.17
180,SKU-00180,Course Pro,South question small necessary think I or else rather require price central.,Electronics,333.98
181,SKU-00181,Out X,Apply rise window religious eat participant religious consumer worry sometimes maybe.,Home,351.53
182,SKU-00182,Fact Max,Minute responsibility under director player beautiful figure side suddenly play baby drive behavior.,Sports,6.83
183,SKU-00183,Parent Lite,Be experience upon space action way quality usually.,Home,241.68
184,SKU-00184,Century Pro,Marriage rate quality mother by add couple story account interesting move generation yes product.,Shoes,272.36
185,SKU-00185,Wife Lite,Range amount large collection us shake tough company happen card government anything many color wide.,Home,477.31
186,SKU-00186,Ground Pro,Story surface tax face low enter able piece hour type.,Electronics,285.79
187,SKU-00187,Woman Plus,Stay along leg pay major green past forget government accept three control great big man.,Home,342.51
188,SKU-00188,Become Pro,Method child buy maintain choose prevent difficult house federal into consider speech board just style.,Sports,317.97
189,SKU-00189,Color Pro,Government its grow that cup couple American house season.,Electronics,185.85
190,SKU-00190,Wear Pro,Civil current look professor entire inside nearly.,Electronics,421.38
191,SKU-00191,Such X,Foot share think maybe type successful home body blue.,Shoes,92.43
192,SKU-00192,Against Lite,Choose matter should door question garden with scene its.,Electronics,332.06
193,SKU-00193,Figure Lite,Magazine set easy check memory economic short ten yes easy star.,Sports,448.75
194,SKU-00194,Decide Plus,Relationship special red maybe Congress yeah option play director car although wrong upon international.,Sports,245.82
195,SKU-00195,Practice Lite,Before anything imagine fill plan discuss from look member popular.,Apparel,368.99
196,SKU-00196,Fly Pro,Especially exactly go individual floor answer American appear.,Sports,100.58
197,SKU-00197,Size Max,Deep line training beyond continue way hair fight best add necessary technology.,Home,123.05
198,SKU-00198,Glass Pro,Scientist guess single more he practice decide himself thought candidate sea build.,Sports,397.41
199,SKU-00199,Peace Plus,Cover knowledge better walk people feeling listen set move child.,Home,252.34
200,SKU-00200,Care Pro,Industry represent through service suffer night girl hand picture brother.,Shoes,23.34
201,SKU-00201,Least Plus,Lot model weight so cold ever whose face.,Shoes,394.95
202,SKU-00202,Others Lite,Some really scientist however range that will close.,Sports,63.5
203,SKU-00203,Social Max,His single husband even contain civil design recent these so lay remain modern field detail.,Sports,231.89
204,SKU-00204,Section Max,Need commercial animal draw although challenge third until establish so politics.,Beauty,78.73
205,SKU-00205,Energy X,Movement ability girl painting hard bar relationship near reveal impact.,Shoes,462.78
206,SKU-00206,Population X,Foot arm staff station despite whole computer will Mr without sing.,Shoes,247.0
207,SKU-00207,Statement Lite,Blood second high president thank plant nearly stage determine environmental ok space send choose discussion risk.,Beauty,454.05
208,SKU-00208,Home Pro,Total behavior consider continue television country make role positive.,Sports,125.13
209,SKU-00209,Against X,Clear concern hour part attorney author early training wife beyond money.,Sports,12.11
210,SKU-00210,Short Pro,Owner help again step shake popular analysis.,Shoes,452.81
211,SKU-00211,Energy Lite,Environment voice outside society act social my stand.,Beauty,307.56
212,SKU-00212,Tonight Pro,Dark lose none know clear forward choice argue.,Shoes,409.81
213,SKU-00213,Role Pro,Physical but stay bill father memory student center treatment agency interview.,Beauty,251.09
214,SKU-00214,Choice X,Pretty difficult these his this state both college body big what ground.,Apparel,36.24
215,SKU-00215,Power Lite,Brother type turn time page concern most outside quickly change project feeling.,Sports,171.98
216,SKU-00216,Television Lite,Give billion trouble product usually specific represent baby able value chance.,Sports,165.5
217,SKU-00217,Reality Max,Floor hospital return size long attack official where everything.,Electronics,275.21
218,SKU-00218,Believe X,Yes consider his floor interest really including soldier four soon president early.,Beauty,383.29
219,SKU-00219,Kid X,Market move mouth start his ok instead official really security reflect dog able yes admit.,Shoes,171.07
220,SKU-00220,Open Plus,Whatever TV arrive glass support term standard far century table will tree drug still.,Home,74.91
221,SKU-00221,Arrive X,Bring receive central run receive interesting approach black ok.,Beauty,349.67
222,SKU-00222,Me X,That air half bad baby notice sport change consumer sea security recognize federal in front sit.,Beauty,222.14
223,SKU-00223,Run Pro,Expert choose thing allow seem me action.,Sports,71.02
224,SKU-00224,There Max,Quite then never stop try maybe remember interest church win miss within by.,Apparel,191.18
225,SKU-00225,Development Pro,People despite contain second nice success staff life finish politics still close sound.,Shoes,440.42
226,SKU-00226,Radio Pro,Crime board back owner suggest agreement executive must assume others series finally necessary.,Shoes,8.58
227,SKU-00227,Pull Max,Drive be now and worry low answer.,Home,444.02
228,SKU-00228,Better Lite,Across ground executive huge crime sell rise wind reflect best imagine.,Apparel,347.72
229,SKU-00229,Site X,Big space change onto him only system face charge leg those behavior responsibility this.,Beauty,321.71
230,SKU-00230,Surface Lite,Shoulder claim white might rock prepare us game size.,Apparel,208.96
231,SKU-00231,Group Max,Growth task issue three similar hold decade particular avoid charge physical.,Beauty,347.38
232,SKU-00232,Modern X,Source central that natural why sit beautiful behind.,Beauty,360.01
233,SKU-00233,Former Pro,Value claim evidence guy become condition sign election list.,Electronics,315.46
234,SKU-00234,Establish Plus,Practice cell buy notice always teacher husband tax true can happen suddenly weight.,Beauty,212.3
235,SKU-00235,Hour X,Radio media enjoy then radio per popular scientist.,Beauty,99.99
236,SKU-00236,Election Pro,Account table fact citizen human authority hold left behavior letter politics too let beat rule.,Beauty,311.37
237,SKU-00237,Whose Max,Should current forget fish you main reduce live everything although choose like policy.,Sports,113.54
238,SKU-00238,Front X,All over herself view gun involve list approach test well raise establish player base attorney.,Apparel,141.83
239,SKU-00239,Interview Pro,Fear Republican the modern prove else store begin.,Sports,399.32
240,SKU-00240,Week Lite,Garden send clearly glass industry little read claim recent great realize home act.,Apparel,251.27
241,SKU-00241,Stay Pro,Cup reveal official certain professional statement same stay run add to value material first society purpose.,Electronics,31.74
242,SKU-00242,Everyone Plus,Reveal write wall tax plant police official already second could recent similar over democratic decide.,Electronics,108.75
243,SKU-00243,Cut Plus,Western have hair few film standard by material yourself increase goal stock international wind from.,Home,310.33
244,SKU-00244,With Pro,Learn health need class job expect process quite plant.,Shoes,56.69
245,SKU-00245,Science Max,Visit town between because student bed administration usually billion seek perhaps name plant me south property.,Shoes,92.06
246,SKU-00246,Together Lite,Deep since necessary boy task wear go soldier less traditional population six how.,Shoes,259.88
247,SKU-00247,Yard X,Site medical environment probably film total training pull above training allow ago.,Beauty,362.09
248,SKU-00248,Street Max,Subject million scientist fish color occur involve new hot pattern hotel appear.,Apparel,166.36
249,SKU-00249,Work Plus,Investment vote hospital road idea fish citizen discuss report call brother officer hot several true.,Shoes,118.88
250,SKU-00250,Third Plus,City follow behavior agent activity show check peace myself win occur agent safe work play.,Apparel,117.75
251,SKU-00251,Star Lite,Cost present develop create subject risk southern her employee appear bar century.,Home,435.59
252,SKU-00252,Agency X,Term book until but center energy Congress back suddenly tree debate beyond somebody including main personal.,Beauty,41.4
253,SKU-00253,Develop Lite,Heart finish traditional speak conference act condition note parent all wish year low.,Home,31.9
254,SKU-00254,Positive X,National citizen score unit cover ahead age memory charge term boy describe foreign detail road vote.,Beauty,112.0
255,SKU-00255,Executive Lite,Loss well give necessary family seat many mention hundred cover common.,Electronics,93.14
256,SKU-00256,Right X,Which bill soldier onto close day reveal item land others even.,Apparel,231.58
257,SKU-00257,From Plus,Blue him current good today standard last threat when education important page theory wear most huge.,Apparel,487.9
258,SKU-00258,Building Plus,Speak investment control early Democrat he certain fire act.,Sports,67.97
259,SKU-00259,Rise Max,Response degree nothing focus discussion at exist.,Apparel,34.53
260,SKU-00260,Difference Pro,Design night respond watch space provide off position radio itself spend cup anyone management another.,Home,426.57
261,SKU-00261,Face Lite,Budget laugh over option door again adult situation office above left capital whom.,Electronics,89.74
262,SKU-00262,Although X,Truth although population attorney believe sort rich ever send hundred news finish partner hotel recent.,Beauty,443.77
263,SKU-00263,Look X,Support whose building hear peace ahead answer action black follow reach job color course.,Sports,395.83
264,SKU-00264,Week Max,Staff Mr above read appear third amount answer fight enough reach social.,Beauty,453.26
265,SKU-00265,Hundred Max,Recognize understand on build floor challenge once sure time PM property.,Shoes,428.23
266,SKU-00266,Nearly Lite,Drive long majority exactly significant lot begin she represent good structure drug positive task reason.,Home,429.2
267,SKU-00267,Bad X,Art actually democratic stand could bit decade opportunity month teach set find law child.,Home,297.83
268,SKU-00268,Mother Plus,Trial despite hair window test message sister could.,Home,12.18
269,SKU-00269,Fall X,Clearly film thank possible challenge then seat drive thus cost agreement product laugh.,Home,127.68
270,SKU-00270,Evidence Max,Until base issue character maybe meet apply evening best.,Beauty,115.09
271,SKU-00271,Range X,Rule institution family idea order morning management item race position where detail.,Shoes,457.31
272,SKU-00272,Argue Lite,Offer draw mother every third record identify.,Shoes,490.19
273,SKU-00273,Increase Lite,Detail station reality manager commercial data PM relationship.,Beauty,368.07
274,SKU-00274,Field Pro,Behind me red live figure trade draw.,Home,215.72
275,SKU-00275,Forward Lite,Coach forward lay while program into again window.,Sports,405.81
276,SKU-00276,Upon Pro,Color set act goal listen a their line.,Apparel,228.96
277,SKU-00277,Answer Pro,Note wrong structure moment cold chair behind.,Shoes,281.45
278,SKU-00278,Fly Lite,Laugh same wrong either main hair add good report through simple tax.,Apparel,475.22
279,SKU-00279,Week Plus,Machine establish mind policy challenge improve detail yes ground all officer receive issue deal become turn.,Sports,151.42
280,SKU-00280,Huge Pro,Whole theory quickly tonight last when money enter.,Sports,12.89
281,SKU-00281,Respond Plus,Thousand hospital individual yes finally American mind gas partner item lawyer why.,Home,85.09
282,SKU-00282,Structure Max,Eye wide material rate letter change whom perhaps professor field explain son.,Shoes,374.91
283,SKU-00283,Administration Lite,American executive or apply figure involve produce a edge go exist teacher program shoulder.,Apparel,234.56
284,SKU-00284,Clear Lite,Require central run it truth fact allow usually.,Electronics,96.55
285,SKU-00285,Energy Lite,Institution whom better end few financial nor quickly follow official raise current career.,Shoes,353.43
286,SKU-00286,Once Pro,Feeling beat note pick national heavy then join catch kind.,Sports,195.52
287,SKU-00287,Form Plus,Various Republican life into inside improve agree next whatever inside sense past few drug.,Electronics,267.81
288,SKU-00288,Music Lite,Camera myself not fall sense hotel idea accept space themselves least approach.,Sports,377.68
289,SKU-00289,Around Max,Stop practice four best fact loss former article science purpose school.,Apparel,273.51
290,SKU-00290,Argue Pro,Might no whose carry time policy choice pick rest view.,Electronics,312.13
291,SKU-00291,Support Pro,Perhaps customer attack check they mind easy billion agency media hospital unit feel low.,Sports,259.79
292,SKU-00292,Create Plus,Success national start race teacher pay it player continue stand.,Shoes,444.55
293,SKU-00293,Really Lite,Color score national live face property where manage property hospital.,Beauty,185.97
294,SKU-00294,Save Pro,Less spend challenge exist build hope oil alone.,Apparel,185.96
295,SKU-00295,Rather Max,Know traditional great cause think learn across citizen may technology decision total modern message company charge.,Beauty,353.91
296,SKU-00296,Reality X,Fund resource skill everything several field hour trouble population heavy line probably office until simple.,Electronics,73.51
297,SKU-00297,Never X,Can food western give pay identify and system city benefit blood.,Sports,272.12
298,SKU-00298,World Lite,Food discuss sign true somebody black thing rock himself wind two artist economy also.,Beauty,370.0
299,SKU-00299,So X,Kid hear piece ahead company blue last card.,Apparel,377.82
300,SKU-00300,Public Plus,News cultural make quickly different score its more so beat agency where benefit almost cell.,Electronics,179.59
301,SKU-00301,Accept Max,Similar nothing ten future radio whatever rock month couple debate still may.,Electronics,341.71
302,SKU-00302,Heavy Pro,Tonight table soon keep personal them notice camera military beyond material anything music against start face.,Electronics,36.37
303,SKU-00303,Them Lite,Hospital group their citizen explain move drop military particularly fine peace.,Beauty,245.68
304,SKU-00304,Office Pro,Old view world president allow instead customer thousand.,Beauty,237.73
305,SKU-00305,Artist Max,Daughter stage form serious treatment artist management south nor.,Home,450.23
306,SKU-00306,Poor Max,Generation audience indicate school upon thought long.,Sports,187.23
307,SKU-00307,Carry Pro,Rich bit market different go local sit theory direction use ago.,Home,98.24
308,SKU-00308,Station Pro,Move team radio scene need appear she receive involve interview.,Apparel,44.68
309,SKU-00309,Certainly Plus,Just today work happy create job around discussion.,Shoes,479.34
310,SKU-00310,Per Pro,Dinner section thousand soldier nothing yard address.,Shoes,86.56
311,SKU-00311,Service X,Spend baby camera Congress analysis glass pretty each factor paper.,Apparel,250.68
312,SKU-00312,Measure Max,Prevent baby voice day relate spend today teach kitchen.,Shoes,476.29
313,SKU-00313,Five Plus,Sister fall president money environment recently me approach too relationship perform evidence.,Sports,211.19
314,SKU-00314,Democrat Max,Success minute figure need but right small along dog.,Home,466.2
315,SKU-00315,Less Plus,Well again student establish open feel whole arrive take himself affect him know difference.,Sports,212.96
316,SKU-00316,Hundred Pro,Process mouth produce all several visit travel senior from.,Shoes,149.3
317,SKU-00317,Them Pro,Special opportunity serious game stop its into role save arm body.,Apparel,436.54
318,SKU-00318,Important Max,Teach visit less occur nothing million class high second under car.,Home,324.11
319,SKU-00319,Administration Max,Son week beat economic myself front house past gun process site.,Sports,174.68
320,SKU-00320,Take Plus,Activity fill produce structure summer kitchen admit across already grow point news impact often bag today.,Sports,245.64
321,SKU-00321,Ok Max,Well key election skill employee manager dinner company that pretty discussion pressure.,Home,421.74
322,SKU-00322,Create Lite,Team oil among response article research else either question tax government responsibility over glass.,Apparel,155.52
323,SKU-00323,Bank Plus,Kitchen memory down for he state indeed politics then central force small friend impact.,Electronics,90.01
324,SKU-00324,Reach X,Likely wind perform civil and us treatment agent participant space member sit.,Electronics,244.7
325,SKU-00325,Movie Pro,Require vote her old price change several power western when yeah not young piece safe much.,Electronics,78.43
326,SKU-00326,Campaign Lite,Sometimes parent process minute first crime offer treat forget sometimes within discuss fire win realize.,Beauty,478.33
327,SKU-00327,Light X,Gun goal measure trip president painting large industry notice step by Mrs simply.,Electronics,357.35
328,SKU-00328,Involve X,Program painting somebody game brother impact measure chance management thing cup conference law coach industry she.,Sports,486.74
329,SKU-00329,Seek X,Sea call alone issue real wrong car term truth toward great I news Republican.,Shoes,84.82
330,SKU-00330,By Pro,Today together option pattern yes and school great large important last strong.,Beauty,496.92
331,SKU-00331,Figure X,Record safe rich operation star meeting charge account or purpose law fly computer reveal.,Electronics,223.24
332,SKU-00332,Far X,Discussion manage answer military modern meet up expect.,Sports,106.55
333,SKU-00333,If Pro,Serious well among war think room issue everything they fire girl close.,Electronics,334.45
334,SKU-00334,Field X,Main difference college voice else paper blood discuss everything benefit need.,Beauty,189.59
335,SKU-00335,Movie X,Agree total whether music sometimes according strategy ago data.,Shoes,269.15
336,SKU-00336,Year Pro,Interview know call law truth respond try build threat manage beautiful carry everything protect why.,Home,205.26
337,SKU-00337,Suggest X,Season develop avoid church friend law save public.,Electronics,474.16
338,SKU-00338,Back X,Throughout although beyond relate miss couple newspaper study personal we physical early.,Sports,7.13
339,SKU-00339,Peace Max,The detail cultural like machine cost market capital play become might rich.,Electronics,487.92
340,SKU-00340,Difficult Plus,Its make particularly report although read party.,Electronics,239.59
341,SKU-00341,Program Max,Doctor give most west there subject themselves property make picture our myself far despite while to.,Beauty,335.11
342,SKU-00342,South Lite,Information language easy interesting computer what produce girl huge campaign think.,Shoes,172.65
343,SKU-00343,Though Lite,Over reach ahead environmental Democrat surface important no follow push in speak interesting end.,Apparel,450.59
344,SKU-00344,Arm Max,Magazine despite player animal language determine then movie single book why.,Shoes,62.85
345,SKU-00345,Popular Lite,Can music wear again here sister four good she as any decision.,Apparel,310.67
346,SKU-00346,North Lite,World study how responsibility face claim hear including need eat.,Electronics,181.91
347,SKU-00347,Add Pro,Suddenly sense money may social amount executive.,Apparel,306.03
348,SKU-00348,Agent Max,Place read almost seek spend help husband stand theory technology.,Electronics,265.58
349,SKU-00349,Ball X,Mean region run after sea must try believe.,Beauty,16.16
350,SKU-00350,Per Lite,Create paper fine food mention age ever dark enough prevent likely fact behavior.,Shoes,340.15
351,SKU-00351,Investment Max,Everything expect reflect media him year road week several research laugh official agent side language.,Home,200.24
352,SKU-00352,Me Plus,Board financial century picture base night debate walk order base idea study model style set.,Beauty,303.57
353,SKU-00353,Artist Pro,Edge find full character focus north image accept real sense some nation fine present.,Electronics,454.68
354,SKU-00354,Fund Lite,Remember method teach yeah bank bit recognize heart series class security coach join will.,Home,78.23
355,SKU-00355,American Plus,Manager phone modern cause them industry across brother yet result they even follow.,Shoes,196.13
356,SKU-00356,Visit Plus,Nor coach face rate sort weight he page line decision form section.,Electronics,175.74
357,SKU-00357,Together Lite,Clearly resource listen fish conference like year accept reduce.,Shoes,437.78
358,SKU-00358,Decision X,Mrs former article light choose go next difficult.,Home,365.29
359,SKU-00359,Production Lite,Until ever star test once figure person.,Electronics,402.82
360,SKU-00360,Interesting X,Night political dark or bill describe condition nor camera mission population.,Home,403.81
361,SKU-00361,Identify Lite,Offer table painting whom say pattern training decide able discussion describe upon.,Beauty,74.09
362,SKU-00362,Possible Max,Century little a back wide case southern international line.,Apparel,47.61
363,SKU-00363,Five Plus,Service drive hotel similar relationship great stuff first back painting degree coach plant everyone.,Beauty,239.93
364,SKU-00364,Character Plus,Night majority smile rate newspaper itself give agent hand letter prove rock degree.,Beauty,37.73
365,SKU-00365,Opportunity Lite,Him condition section action kind moment accept financial behind hard.,Home,48.78
366,SKU-00366,Environment Plus,Tv parent almost ever long analysis receive education personal wife statement tell until young.,Beauty,210.18
367,SKU-00367,Project Lite,Make list themselves seek space although ahead thus check save that capital information suffer.,Apparel,356.57
368,SKU-00368,Arrive X,Pm artist best name work create pass admit student summer first remember town.,Home,97.07
369,SKU-00369,Peace Plus,Might wait idea study prove assume stay may rock base kitchen every.,Shoes,279.16
370,SKU-00370,Decide Plus,Important play success wait find night brother letter structure beat us because truth consumer.,Electronics,418.12
371,SKU-00371,Before Lite,Fish phone after college action point least theory wall.,Home,281.84
372,SKU-00372,Foot X,Section scene financial here expert everything north including structure evening.,Shoes,18.29
373,SKU-00373,Decision X,Without else keep begin great hair sign mission stop.,Sports,135.03
374,SKU-00374,Right Lite,Already strong history Mrs decision reduce get specific someone.,Sports,66.47
375,SKU-00375,Despite Plus,Record mean stop some before significant election life all boy probably cost.,Home,211.49
376,SKU-00376,Challenge X,Only head help open almost red picture thank account instead friend possible beyond tree.,Electronics,19.08
377,SKU-00377,Follow Lite,Level control against speak lead office itself human street.,Shoes,497.19
378,SKU-00378,Entire Max,Over lot husband always upon doctor various until blue international especially officer.,Beauty,374.05
379,SKU-00379,Personal Lite,Clearly coach feel others recently model week.,Electronics,284.96
380,SKU-00380,Out Lite,Candidate four whether wife finally she soon learn close.,Shoes,487.26
381,SKU-00381,A Plus,Customer common film continue tax job right child new.,Beauty,258.7
382,SKU-00382,Stand Pro,Above city beyond near hour defense line heavy less drug true hold.,Apparel,423.41
383,SKU-00383,Friend Max,Hundred force executive push their others move get prove.,Electronics,33.96
384,SKU-00384,Peace Lite,Develop part should hard fund statement particular.,Apparel,439.77
385,SKU-00385,Society Plus,Trip population catch could deep itself fund pressure international expect hit start alone.,Electronics,85.84
386,SKU-00386,Know Plus,Clear radio strong let bar rather big television sound.,Electronics,212.66
387,SKU-00387,Actually Pro,Five offer himself lawyer main whether I side field.,Beauty,148.48
388,SKU-00388,Evening Pro,Page sort late health list friend movement half.,Sports,259.36
389,SKU-00389,Stock X,Wonder mother himself push character front various opportunity culture.,Beauty,383.52
390,SKU-00390,Tax X,Road lawyer any example business majority happen threat rather education front fast standard myself condition ground.,Electronics,274.14
391,SKU-00391,Adult Plus,Foot player other ground already school eat base behind risk plan issue ever will.,Sports,139.37
392,SKU-00392,Risk Plus,Each stay strong run model learn baby head chair with point think high woman bad until.,Beauty,52.44
393,SKU-00393,So Plus,Institution against wear either present third student item bring court end.,Shoes,412.54
394,SKU-00394,Floor X,Method take during sometimes hear list set join section sing everybody provide painting travel question evening.,Electronics,261.49
395,SKU-00395,Investment Lite,Affect increase candidate environment out wish fish determine adult foot.,Apparel,208.94
396,SKU-00396,Attack Pro,Explain Republican step onto play forget home upon actually future get know left sea decision recently.,Beauty,112.85
397,SKU-00397,Report X,Eight allow system whose place no generation debate world hard factor firm purpose.,Beauty,416.63
398,SKU-00398,All Max,Person coach goal it yet age wind news make.,Beauty,346.38
399,SKU-00399,Easy Max,Tv capital parent sure best design yeah number condition city since same.,Sports,357.71
400,SKU-00400,Institution Pro,Impact seem industry out floor guy black those whether seven fish movie hot teacher manager.,Shoes,211.59
401,SKU-00401,Majority Pro,Step last under concern eye mouth free less common trade himself.,Shoes,410.33
402,SKU-00402,Read Lite,Wind improve player peace catch people your outside rule watch foot economic notice.,Sports,177.36
403,SKU-00403,Marriage Plus,Weight age over smile hope memory cover tree.,Home,73.81
404,SKU-00404,Lot Max,Rich dream line require current car ask air officer learn raise kitchen.,Electronics,263.94
405,SKU-00405,Effort X,Win matter book page former turn city left while.,Shoes,356.4
406,SKU-00406,Account Pro,Radio image mind like history situation whatever.,Sports,115.07
407,SKU-00407,Use X,Building since positive move agency lose rise fall huge state shoulder guy respond memory power.,Electronics,345.58
408,SKU-00408,Later X,Billion suggest serious often social reveal hand prevent center.,Shoes,108.87
409,SKU-00409,Eight Lite,Decide best politics available tonight man each employee far know skin record nothing organization.,Shoes,346.95
410,SKU-00410,Sort Pro,Challenge eye determine he guy fact war citizen plant.,Home,14.31
411,SKU-00411,May Lite,Pull child source campaign parent teacher either direction surface on chance activity hair.,Shoes,26.05
412,SKU-00412,Movie Pro,Image peace color general choose system fire hear tend magazine college moment compare today add.,Beauty,397.56
413,SKU-00413,Your Max,Garden finally difference everything sing smile practice ground.,Shoes,34.34
414,SKU-00414,Machine Plus,Tree trade style suffer situation model direction dark professional huge better forget attack network movement.,Electronics,26.42
415,SKU-00415,Site Pro,Their wife argue note easy eight school ready practice each ready lay American participant necessary.,Shoes,378.5
416,SKU-00416,Benefit Max,Safe true town car few debate during seven local better.,Apparel,106.67
417,SKU-00417,Upon X,Five plant cultural bring bar culture my.,Shoes,336.95
418,SKU-00418,Dinner Pro,Maintain notice ok technology born though since crime south pass lead a senior over manage computer.,Sports,77.05
419,SKU-00419,Movement Plus,Method week federal test eat every night final key with watch maintain five window.,Electronics,474.65
420,SKU-00420,Many Plus,Clear assume it fight understand kitchen point Mrs consumer single several degree maybe floor.,Beauty,84.48
421,SKU-00421,Nice Max,Bill feel participant number choice choose short skill system particular church what wonder president.,Beauty,124.7
422,SKU-00422,Story Pro,Sister especially usually line task field certain free government seat last interesting hour.,Beauty,54.06
423,SKU-00423,Key Pro,Several identify why government south window short.,Sports,266.78
424,SKU-00424,After X,Decade respond far health focus so for nice current Democrat.,Apparel,482.31
425,SKU-00425,Most Max,Task blood during for look return like wife animal process reach training main.,Sports,7.14
426,SKU-00426,Far Pro,Only arrive argue garden Mrs just exist line thing available with run station them operation off.,Beauty,462.49
427,SKU-00427,Or Lite,Just foreign national produce news stage ready cell.,Beauty,186.4
428,SKU-00428,Speech X,That recognize school whatever guess significant section Democrat.,Shoes,222.63
429,SKU-00429,Full X,Direction gun current will else page usually cell politics interview south something story art.,Home,418.2
430,SKU-00430,Music Lite,Administration join allow mean sometimes so man offer plant same north wind.,Apparel,111.07
431,SKU-00431,Statement Lite,Mother sometimes suffer because two particular year sell.,Electronics,60.86
432,SKU-00432,Speak Pro,Stand letter threat yes charge form consider offer law sit science way threat.,Beauty,235.62
433,SKU-00433,Interest X,Family perhaps hope across follow character talk once should mother president customer start understand throw.,Electronics,250.43
434,SKU-00434,Senior Plus,Check significant deal consider ago own suddenly single music west force firm discover decade field.,Shoes,280.78
435,SKU-00435,Language Pro,Do turn sign agree there want but way agent test take.,Shoes,167.42
436,SKU-00436,Detail Lite,Any just cup side opportunity by wide medical official might clear decide.,Beauty,145.39
437,SKU-00437,Yeah Plus,Scientist group yet indeed decision before medical long meet war administration herself information which.,Home,345.09
438,SKU-00438,Black X,Growth finally assume watch present director red practice special then administration who.,Electronics,279.19
439,SKU-00439,Show Lite,Animal suggest concern act million cell like although other decide science fall.,Shoes,98.45
440,SKU-00440,Prepare Lite,Statement information company million character speak protect half understand skill air daughter idea.,Electronics,469.85
441,SKU-00441,Hour X,Perform agreement ago agreement like same certain imagine much several reveal.,Sports,11.33
442,SKU-00442,Condition Lite,Beyond give development information at why less indeed together.,Home,337.69
443,SKU-00443,Less Lite,Tax speak a live tonight either follow music whatever.,Sports,263.72
444,SKU-00444,Relate Pro,Local see system cultural despite candidate walk difficult.,Home,64.01
445,SKU-00445,Beautiful Lite,Response executive past economic economy role feeling report.,Shoes,349.04
446,SKU-00446,Maintain X,Mind officer third service capital instead product often various alone town his answer cup consider central.,Apparel,37.03
447,SKU-00447,Along Plus,Class follow occur low gas pick stage officer later Democrat.,Home,104.13
448,SKU-00448,Pretty Pro,National brother evidence shoulder under front throughout effort southern maintain nature.,Home,120.27
449,SKU-00449,Record Lite,Property garden mind as half politics who call.,Sports,142.87
450,SKU-00450,Dream Max,Store build require call girl laugh network vote whom will consumer star those memory.,Sports,298.86
451,SKU-00451,Change Lite,Simply cup seat moment sister none most another mouth much.,Sports,181.27
452,SKU-00452,Rule Max,Coach city quite play teacher difficult us respond must western interest dark any wide husband.,Home,475.32
453,SKU-00453,In Max,Will throw life carry visit a edge new find type party where arrive improve century.,Home,143.05
454,SKU-00454,Test Pro,Share southern week drug skill position hospital cover strong.,Home,65.48
455,SKU-00455,Avoid Lite,White everybody throughout but science want charge kitchen public set.,Apparel,119.26
456,SKU-00456,Activity Pro,Minute modern sign out discussion just state must particular.,Shoes,54.3
457,SKU-00457,Class Pro,They senior result themselves we American study eight.,Shoes,251.58
458,SKU-00458,Produce X,International collection report tend maintain fact mission become rule where ten drop sure manager.,Sports,194.4
459,SKU-00459,Science Plus,Instead point tend exactly right every edge meet information student work bar big.,Beauty,80.6
460,SKU-00460,Sure Max,Drug manager opportunity program billion sit remain night study heart million understand him own.,Shoes,52.69
461,SKU-00461,Performance Max,Offer brother shake guess pull tough instead hour.,Home,384.95
462,SKU-00462,Size X,Girl small system of mission vote spend.,Home,150.31
463,SKU-00463,Production Lite,Protect agent note agency watch better turn soon rock support effect stand general.,Beauty,254.87
464,SKU-00464,Energy Plus,Land answer leader yard enjoy soldier decide side natural focus husband.,Beauty,405.69
465,SKU-00465,Happen Max,Suddenly task free pattern science structure dinner stock big.,Shoes,13.75
466,SKU-00466,Seven Lite,Police fine market control him enter religious go.,Shoes,440.66
467,SKU-00467,Sure Lite,Time senior where follow born ok training record night series Mrs huge receive.,Home,227.81
468,SKU-00468,Decide Lite,Bed our theory identify enjoy respond mouth however.,Shoes,232.53
469,SKU-00469,Will X,Billion what sport thought family now bank yourself kind American nature property event.,Electronics,280.55
470,SKU-00470,Miss X,Street work early difficult possible democratic actually during again partner.,Apparel,248.28
471,SKU-00471,This Plus,Increase necessary nothing include summer ok physical thousand without section religious word sound.,Home,359.28
472,SKU-00472,Everyone Pro,Have tonight view floor ground when care team worry east Mrs can wonder.,Home,286.58
473,SKU-00473,Still Max,Remain movement bit step direction give reduce with start difference especially student least just.,Beauty,344.26
474,SKU-00474,Perhaps Lite,Ask yet against large practice time live relationship as great western everybody edge.,Apparel,240.58
475,SKU-00475,Watch Max,Require make region wall worry Democrat laugh.,Electronics,32.59
476,SKU-00476,Nothing Lite,Form now then watch certain much race fire according participant Republican.,Home,297.57
477,SKU-00477,Help Max,Build within pass morning room run eat own serve conference Congress power manager build become watch.,Electronics,339.86
478,SKU-00478,Painting Plus,Source high listen suggest consumer find concern involve edge before employee customer goal.,Beauty,35.4
479,SKU-00479,Radio Pro,Fund sell model after paper word arrive health.,Electronics,68.46
480,SKU-00480,Concern Plus,White more above his agree toward nor.,Beauty,405.73
481,SKU-00481,Town Pro,Western country per consider despite generation the tree.,Sports,383.77
482,SKU-00482,Plan Plus,Off through relationship they concern chance standard air although Mr when wait.,Home,193.38
483,SKU-00483,Surface Plus,Various blue raise operation cold between cover choice party front lawyer.,Home,496.01
484,SKU-00484,Reason Plus,Story six want protect assume east center whether make some among around word lose such.,Apparel,32.94
485,SKU-00485,Receive X,Better mind professional fly month offer mother hour national cut fly language cup want international itself.,Electronics,121.14
486,SKU-00486,Beautiful Max,Agency bit night participant fill yeah side side recognize month among water film onto.,Sports,47.05
487,SKU-00487,We Pro,Myself political school move another field could who appear stay them school model condition he.,Shoes,435.13
488,SKU-00488,Say Plus,Treat better wear throughout Republican authority data.,Beauty,89.04
489,SKU-00489,Design Plus,Policy administration two deal ready under above drive sport story worker would step head study.,Sports,23.5
490,SKU-00490,Another Lite,Center east protect think institution now tell phone daughter.,Home,286.18
491,SKU-00491,Unit Plus,Important act statement help successful couple single effect action realize among.,Home,15.1
492,SKU-00492,Speak Max,Can ready audience boy city social at Mr cold science western resource reason expect.,Electronics,16.01
493,SKU-00493,Few Lite,Talk end set house those dark beat suffer customer million along.,Electronics,287.33
494,SKU-00494,Measure Max,Born also hold base really attack job he.,Home,53.37
495,SKU-00495,Single Pro,Kind shoulder production mean window shoulder right analysis add.,Apparel,346.98
496,SKU-00496,Claim Plus,Teacher economy compare left top argue herself water measure different physical from.,Sports,250.88
497,SKU-00497,Set Plus,Agent key successful own explain claim natural fish born assume million admit result.,Electronics,87.48
498,SKU-00498,Shake Plus,Have century billion do high none sport shoulder build different pick nor.,Apparel,484.87
499,SKU-00499,Back Lite,Power treat visit population executive pattern last.,Shoes,319.54
500,SKU-00500,Smile Max,Raise partner generation write lawyer try check movie growth certain.,Electronics,110.97
